Algae species,Wikipedia Links,Algae Base Links,Number of co's,Producers,Genus,Color,Common name
Saccharina latissima,https://en.wikipedia.org/wiki/Saccharina_latissima,https://www.algaebase.org/search/species/detail/?species_id=129132,82,"Danish Seaweed / Dansk Tang,Omø Fisk & Tang,Porto-Muiños,Algas de Asturias,Ocean Rainforest,Algues Armorique,Bord à Bord (Algue Service),Biocean,GlobeXplore,C-weed Aquaculture,The Irish Seaweed Company,Wild Irish Seaweeds,Hortimare,Zeewaar,Austevoll Seaweed Farm (Flyt Seaweed),Ocean Forest (Lerøy Ocean Harvest / Maer),Seaweed Solutions,Tango Seaweed AS (failed),Ting med Tang,Lofoten Blue Harvest AS,Islander Kelp,House of Seaweed / Seaweed Enterprises ,TARI,Cascadia Seaweed,Seagrove Kelp,New England Sea Farms,Phycosem ,Conservas Costera,Bretalg,Algo'manne,Royal Greenland,Donegal Bay Seaveg,Quality Sea Veg,Wild Atlantic Seaweed Ireland,Folla Alger AS,Osland Havbruk AS,Arctic Seaweed,Emerald Isle Seaweed,Nordic Seafarm,""Fujian Yiyuan Marine Food Co., Ltd."",Atlantic Mariculture Scotland (Tangled Greens),Aird Fada Seaweed Farm,Sjosaker (Tekslo Seafood),Eldey Aqua,Seaweed Farming Scotland,Lofoten Seaweed,Alga Seaweed (prev. Redrose Developments),Islensk Hollusta,Kobb (prev. Bohus SeaCulture),Algenladen GmbH,Veerfar,Algolesko (Aleor),Stonington Kelp Co,Alaska's Best Shellfish,Kieler Meeresfarm,The Seaweed Company,Canadian Kelp Resources,Alaskan Sea Greens,Kelpinor,Seabody (Nutramara),Aurelis,Seabiosis,Equa,Origin by Ocean,Wissi,Plant Ecology Beyond Land (Pebl),Jurassic Sea Farms,Kaira Nordic,Aqua Botanika,Salaweg,Nautical Farms,Cold Current Kelp,Chatham Kelp,Horizon Seaweed,Nuri,Vashon Kelp Forest,Sea Quester Farms ,Algapelago,Dirigo Sea Farm,Royal Ocean Kelp Co,Lummi Island SeaGreens,Gowanus Canal Kelp Farm / RETI Center",Saccharina,Brown,Sugar kelp
Ascophyllum nodosum,https://en.wikipedia.org/wiki/Ascophyllum,https://www.algaebase.org/search/species/detail/?species_id=5,69,"Agrimer,NUWEN by Setalg (failed),Thorverk (Þörungaverksmiðjan),Arramara Teo,Oilean Glas Teoranta (TradeCorp / Rovensa Next),Rí Na Mara,Brandon Bioscience,Algea (Valagro / Syngenta),SJØBJØRG AS,Ting med Tang,Hebridean Seaweed Company,Biocean,EKO GEA,Uist Asco,Sealac,Seaweed for Dogs,Danish Seaweed / Dansk Tang,Plymag,Donegal Bay Seaveg,Donegall Seaweed,Seaweed & Co,""Zhengzhou Shengda Khumic Biotechnology Co., Ltd (Khumic)"",Dora Agri,Ocean Organics,Neomed-Pharma (Algifol / Nutripferd),Wild Irish Seaweeds,Alga Seaweed (prev. Redrose Developments),Atlantic Gold Seaweed,Algenladen GmbH,Bio Molenez,Sjosaker (Tekslo Seafood),Symbiomer,Hayashikane,Shinkyo,Polar Algae,Goemar (Arysta),""Qingdao Blue Treasure Seaweed Biotech Co, LTD"",Qingdao Sea Exquisite Group,The Seaweed Company,BeoBio Teoranta / Seamegro,Seabody (Nutramara),Biotechnica,Ocean Knowledge,Yara,Groupe Roullier (Timac Agro),BioAtlantis Limited,Agriges,Fertipower,North American Kelp,Indigrow,Biostadt,Andermatt,Pep Tech Bio,Algaia,MCA Algas y Derivados,Acadian Seaplants,Vikas Crop Care,Pushpa J. Shah / Agri Biochem Research Lab,Nextgen Biotech,Blue Pet Co.,isea,Seaweed Enterprises Australia (Seaperia),Lessonia,Little Samphire Island,OceanOrganic,Better Plants,Horizon Seaweed,JISA,Ultrakelp",Ascophyllum,Brown,"rockweed, Norwegian kelp, knotted kelp, knotted wrack"
Kappaphycus alvarezii,https://en.wikipedia.org/wiki/Kappaphycus_alvarezii,https://www.algaebase.org/search/species/detail/?species_id=2811,60,"Rhodomaxx,Seaweed Consulting,SELT France Biotech (SELT Marine),SEADLING,Ocean Farmers,Prospersea,Algasbras,Bioalgas,Algastech,Ibis Madagascar,SOVALG,NAAM Madagascar (Natural Aromes Authentic of Madagascar),Naturalg,Madalg,Aurelis,Gracilarias de Panama,Ceylon Aqua & Agri ,Rahmat Bahari,Algae Sumba Timur Lestari,Biorma ,Borneo Ocean Nauly,Indo Seaweed,Ledo Biashara,Phuc Huy Seaweed Co,""Puning Huixiang Seaweed Industry Co., Ltd"",Urban Farms,Zanque Aqua Farms,Razindo Global Nusantara,Revolution Seaweed,Vikas Crop Care,IFFCO (Sagarika w Aquagri),Fyki Agritech,Pushpa J. Shah / Agri Biochem Research Lab,ClimaCrew,Snap Natural & Alginate Products,Carbon Blueprint,Royal Algaculture Corporation,Agromar,Cottonii Group Lda.,Oceanic Seaweeds,Macro Seaweed,CV Maikan Prima Sipadecengi,PT Asia Sejahtera Mina Tbk,Bahari Agro Indonesia,Agarka,Panama Sea Farms,AMJ Hydrocolloids / Central Pulau Laut,Vinex Seaweed Dealers,Algatec,Algas de Penha,Fazenda Marinha Camiranga,Sembilan Putra Jaya,Central Seaweed Indonesia,MJK Universal Indonesia,Sambung Asa,Winner Perkasa Indonesia Unggul,SeaKITS,STP Group,Pelagic Rear,Agrabah Ventures",Kappaphycus,Red,"cottoni, guso (PH)"
Ulva sp.,https://en.wikipedia.org/wiki/Ulva_lactuca,https://www.algaebase.org/search/species/detail/?species_id=132568,57,"Danish Seaweed / Dansk Tang,HQ Seaweed ,Porto-Muiños,Suralgas,La Huerta Marina,Algues Armorique,Bord à Bord (Algue Service),GlobeXplore,Marinoë ,OLMIX,NUWEN by Setalg (failed),Thomsea,Bio Molenez,AlgAran,The Seaweed Company,Ting med Tang,Unidade Bioquímica Lda (UBQ II),Seaveg,Algabase,Seas of Norway (failed),Conservas Mar de Ardora,Bretalg,Algo'manne,Donegal Bay Seaveg,The Cornish Seaweed Company Ltd,Phuc Huy Seaweed Co,SeaweedTech (merged w Dutch Seaweed Group),Wild Coast Abalone,Seakura,Algenladen GmbH,Monterey Bay Seaweeds,Nordic Seafarm,Fearless Fund (zombie),Mediterranean Algae,Easy Harvest,Wissi,Alpha Seaweed (PT. Gemilang Berkat Nusantara),Abagold,Sea Harvest Group (Viking Aquaculture),Organics Atlantic,Zanzibar Seaweed Corporation (ZASCO),Lusalgae (failed),Phycosem ,Surge Seaweed,Nutri-San,ClimaCrew,Wadzilt (Waddenwier),Atlantic Mariculture Canada,Royal Algaculture Corporation,Maritide,Miyakojima Fisheries Cooperation,Trading Room,Nuri,Macro Carbon,NAAM Madagascar (Natural Aromes Authentic of Madagascar),4 Season Company,MAGMA seaweed",Ulva,Green,"Sea lettuce, parae (kor)"
Sargassum sp.,https://en.wikipedia.org/wiki/Sargassum,https://www.algaebase.org/search/species/?name=Sargassum+sp.#,56,"Thomsea,Carbonwave (formerly C-Combinator),Salgax (failed),Biomaya,AlgeaNova,Energy Algae,Thalasso Ocean,Seaweed Seychelles,Leili,Blue Green Mexico (Sargablocks),Renovare,Algas Organics,The Ocean Cleaner,Akki Foods,Seafields,Sink-It (pivot),Dianco México (Grupo MD),Sargazo Solutions,SOS Carbon ,Sargacreto (Dakatso),""Qingdao Blue Treasure Seaweed Biotech Co, LTD"",""Rongcheng Haitai Shenglong Seaweed Cultivation Co., Ltd"",Fearless Fund (zombie),Origin by Ocean,SMO Solar Process (zombie),Algopack,Sita Verde / Suez,Alquimar,Le Floch Depollution,Abaplas,Rum and Sargassum,Ocean Agraria,Sealife Organics,Alpha Seaweed (PT. Gemilang Berkat Nusantara),Easy Harvest,Rahmat Bahari,Razindo Global Nusantara,Ocean Barriers,Snap Natural & Alginate Products,The Good Ocean,Beacon Farms,Red Diamond Compost,Bloom,Grogenics,Bionema,Variodin,Sargassum Eco Lumber,Macro Seaweed,Macro Carbon,Bahari Agro Indonesia,Vinex Seaweed Dealers,rubisCO2,BioPlaster Research,Kona Carbon (C-Minus Carbon),The Seas We Love,SOS Biotech",Sargassum,Brown,"Gulfweed, hijiki (jp), tot (kor)"
Palmaria palmata,https://en.wikipedia.org/wiki/Palmaria_palmata,https://www.algaebase.org/search/species/detail/?species_id=1,48,"Algoplus,Algues Armorique,Bord à Bord (Algue Service),Biocean,GlobeXplore,Marinoë ,Bretagne Cosmétiques Marins (Thalion),AlgAran,The Irish Seaweed Company,Wild Irish Seaweeds,Hortimare,Olijck,Ocean Forest (Lerøy Ocean Harvest / Maer),Ting med Tang,ALGAplus Lda,House of Seaweed / Seaweed Enterprises ,Seaweed Solutions,Conservas Costera,Bretalg,Algo'manne,Penn Ar Bed,Donegal Bay Seaveg,Quality Sea Veg,Wild Atlantic Seaweed Ireland,Emerald Isle Seaweed,Lofoten Seaweed,Islensk Hollusta,Algenladen GmbH,Pure Ocean Algae,Algolesko (Aleor),Monterey Bay Seaweeds,The Seaweed Company,Aurelis,OceanWide Seaweed,Plant Ecology Beyond Land (Pebl),Surge Seaweed,Island Seaweed,Atlantic Mariculture Canada,Salaweg,Lessonia,Little Samphire Island,Horizon Seaweed,Aqua Veggies,Sollmar,Nuri,Ocean Bites,HQ Seaweed ,Sea & Believe",Palmaria,Red,Dulse
Gracilaria sp.,https://en.wikipedia.org/wiki/Gracilaria,https://www.algaebase.org/search/species/?name=Gracilaria+sp.,42,"Suralgas,La Huerta Marina,The Seaweed Company,Sunken Seaweed,SELT France Biotech (SELT Marine),Phuc Huy Seaweed Co,Wild Coast Abalone,Petani Rumput Laut,Celebes Seaweed Group,Morocco Seaweed,Seakura,Monterey Bay Seaweeds,""Quanzhou Quangang Keshan Seaweed Co., Ltd"",""Guangdong Hizense Seaweed Biological Technology Co., Ltd"",Qingdao Libangda Marine Technology Co,Fearless Fund (zombie),Equil,Equigel,Borneo Ocean Nauly,Sealaria,Gracilarias de Panama,Alpha Seaweed (PT. Gemilang Berkat Nusantara),Abagold,Sea Harvest Group (Viking Aquaculture),Razindo Global Nusantara,Surge Seaweed,Fyki Agritech,Royal Hawaiian Sea Farms,Marine Agrifuture / Olakai Hawaii,Oceanic Seaweeds,Macro Seaweed,Dua Sampurna,PT Asia Sejahtera Mina Tbk,Bahari Agro Indonesia,AMJ Hydrocolloids / Central Pulau Laut,Sambung Asa,Winner Perkasa Indonesia Unggul,Cweed Aqua Solutions,Rongbient,Halophilic Marine Agriculture,HQ Seaweed ,Mina Agar Makmur / SeaSae",Gracilaria,Red,
Laminaria digitata,https://en.wikipedia.org/wiki/Laminaria_digitata,https://www.algaebase.org/search/species/detail/?species_id=23473,30,"Danish Seaweed / Dansk Tang,Omø Fisk & Tang,Ocean Rainforest,Agrimer,Algoplus,Bretagne Cosmétiques Marins (Thalion),Thorverk (Þörungaverksmiðjan),AlgAran,Rí Na Mara,The Irish Seaweed Company,Voya Seaweed Baths,Wild Irish Seaweeds,Ocean Forest (Lerøy Ocean Harvest / Maer),Ting med Tang,House of Seaweed / Seaweed Enterprises ,Algaia,Penn Ar Bed,Donegal Bay Seaveg,Quality Sea Veg,Wild Atlantic Seaweed Ireland,Lofoten Seaweed,Emerald Isle Seaweed,Ironbound Island Seaweed,Alga Seaweed (prev. Redrose Developments),BioAtlantis Limited,Jurassic Sea Farms,JRS,Little Samphire Island,Horizon Seaweed,7 Fathoms Seaweed Skin Care",Laminaria,Brown,Oarweed
Eucheuma denticulatum,https://en.wikipedia.org/wiki/Eucheuma_denticulatum,https://www.algaebase.org/search/species/detail/?species_id=2798,29,"Algae Sumba Timur Lestari,Biorma ,C-Weed,East Africa Seaweed Co.,Firdous Biotech,Gracilarias de Panama,Ibis Madagascar,Indo Seaweed,Ledo Biashara,Mwani Zanzibar,Ocean Agraria,Phuc Huy Seaweed Co,Rahmat Bahari,SELT France Biotech (SELT Marine),ZANEA (Zanzibar East Africa Seaweed) ,Zanque Aqua Farms,Zanzibar Seaweed Corporation (ZASCO),Royal Algaculture Corporation,Agromar,Macro Seaweed,Afro Nature Co.,PT Asia Sejahtera Mina Tbk,AMJ Hydrocolloids / Central Pulau Laut,Sembilan Putra Jaya,Central Seaweed Indonesia,MJK Universal Indonesia,NAAM Madagascar (Natural Aromes Authentic of Madagascar),Winner Perkasa Indonesia Unggul,SeaKITS",Eucheuma,Red,"spinosum, guso (PH)"
Porphyra sp.,https://en.wikipedia.org/wiki/Porphyra,https://www.algaebase.org/search/species/?name=Porphyra&authority=,29,"Algamar Espana,Porto-Muiños,Algoplus,Algues Armorique,Bord à Bord (Algue Service),Biocean,Marinoë ,NUWEN by Setalg (failed),Marine Agronomics,Conservas Mar de Ardora,Bretalg,Algo'manne,Quality Sea Veg,The Cornish Seaweed Company Ltd,Algenladen GmbH,Monterey Bay Seaweeds,""Nantong Reliable Seaweed Co., Ltd"",""Jiangsu Ruida Ocean Food Co., Ltd"",""Nantong Sinfo Food Co., Ltd."",""Nantong Yuanwei Food Co., Ltd"",Takaokaya,Organics Atlantic,Atlantic Mariculture Canada,Horizon Seaweed,Funabashi City Fisheries Cooperation,Nuri,Shirako,Geem,Yangmyeong Co.",Porphyra,Red,"Laver, nori (jp), gim (kor)"
Alaria esculenta,https://en.wikipedia.org/wiki/Alaria_esculenta,https://www.algaebase.org/search/species/detail/?species_id=82,28,"Ocean Rainforest,C-weed Aquaculture,AlgAran,The Irish Seaweed Company,Hortimare,Zeewaar,Ocean Forest (Lerøy Ocean Harvest / Maer),Seaweed Solutions,Tango Seaweed AS (failed),Ting med Tang,TARI,Royal Greenland,Donegal Bay Seaveg,Quality Sea Veg,Arctic Seaweed,Lofoten Seaweed,Atlantic Mariculture Scotland (Tangled Greens),Sjosaker (Tekslo Seafood),West Algues,Alaria AS / Seaweed AS,Seaweed Farming Scotland,Algenladen GmbH,Noble Ocean Farms,Kelpinor,Plant Ecology Beyond Land (Pebl),Salaweg,Nautical Farms,Little Samphire Island",Alaria,Brown,Winged kelp
Undaria sp.,https://en.wikipedia.org/wiki/Undaria,https://www.algaebase.org/search/species/?name=Undaria&authority=,24,"Algamar Espana,HQ Seaweed ,Porto-Muiños,Algoplus,Algues Armorique,Bord à Bord (Algue Service),Biocean,GlobeXplore,C-weed Aquaculture,Marinoë ,Bretagne Cosmétiques Marins (Thalion),NUWEN by Setalg (failed),Olijck,Zeewaar,Islander Kelp,KaiHo Ocean Treasure,Conservas Mar de Ardora,Algenladen GmbH,""Xiamen East Ocean Foods Co., Ltd"",Jinghai Group (Rongcheng Jinhaifeng Aquatic Food Co.),""Rongcheng Haitai Shenglong Seaweed Cultivation Co., Ltd"",The Seaweed Company,Bada Myeongga Co.,Lessonia",Undaria,Brown,"Wakame (jp), sea mustard, miyeok (kor)"
Chondrus crispus,https://en.wikipedia.org/wiki/Chondrus_crispus,https://www.algaebase.org/search/species/detail/?species_id=85800,21,"Porto-Muiños,Agrimer,Algues Armorique,Bretagne Cosmétiques Marins (Thalion),AlgAran,Rí Na Mara,The Irish Seaweed Company,Ting med Tang,Biocean,Donegal Bay Seaveg,Quality Sea Veg,Sjosaker (Tekslo Seafood),Sea‐Pür,Wild Irish Seaweeds,Gelymar,Algenladen GmbH,Seatrients,The Transformation Factory,Acadian Seaplants,Little Samphire Island,Horizon Seaweed",Chondrus,Red,Irish moss
Himanthalia elongata,https://en.wikipedia.org/wiki/Himanthalia_elongata,https://www.algaebase.org/search/species/detail/?species_id=89,21,"Porto-Muiños,Algues Armorique,Bord à Bord (Algue Service),Biocean,GlobeXplore,Marinoë ,AlgAran,The Irish Seaweed Company,Voya Seaweed Baths,Conservas Mar de Ardora,Bretalg,Algo'manne,Donegal Bay Seaveg,Quality Sea Veg,Emerald Isle Seaweed,Wild Irish Seaweeds,Symbiomer,Algenladen GmbH,Wissi,Nuri,HQ Seaweed ",Himanthalia,Brown,"Sea spaghetti, sea thong"
Porphyra yezoensis,https://en.wikipedia.org/wiki/Porphyra,https://www.algaebase.org/search/species/detail/?species_id=1215,18,"Gimme Health Foods,""Jiangsu Xianzhiyuan Aquatic Food Co., Ltd"",Ayibo Food,""Jiangsu Ruixue Ocean Technology Co., Ltd."",""Lianyungang Shenxian Laver Co., Ltd."",Haida Foods,Xiehe Foods,Fujian Shenshilan Foods,""Fujian Yiyuan Marine Food Co., Ltd."",Jinjiang Wangyuan Food Co.,Hai'an Lanbo,Hyung Je Fisheries (Gim Siwol),Wandomom,Manjun Seaweed,Haejeo Foods,Bada Myeongga Co.,Lilv Group / Jinjiang Force Green Food Co.,""Nantong Dingbur Seaweed Food Co., Ltd.""",Porphyra,Red,"Laver, nori, gim"
Ulva lactuca,https://en.wikipedia.org/wiki/Ulva_lactuca,https://www.algaebase.org/search/species/detail/?species_id=100507,18,"Agrimer,Algoplus,Biocean,Bretagne Cosmétiques Marins (Thalion),The Irish Seaweed Company,Ocean Forest (Lerøy Ocean Harvest / Maer),Ting med Tang,Sunken Seaweed,Donegal Bay Seaveg,Morocco Seaweed,Sjosaker (Tekslo Seafood),Wild Irish Seaweeds,Fearless Fund (zombie),Razindo Global Nusantara,Patagonia Biotecnología (Fertum),Macro Seaweed,Seaweedland,Algabrava",Ulva,Green,Sea lettuce
Asparagopsis sp.,https://en.wikipedia.org/wiki/Asparagopsis,https://www.algaebase.org/search/species/?name=Asparagopsis+&authority=,17,"FutureFeed,Sea Forest Australia,CH4Global,Greener Grazing,Blue Ocean Barns,Volta Greentech (pivoted),Symbrosia,Fremantle Seaweed,Seastock,Easy Harvest,Urban Farms,A-Culture,Kaginowa,Kajima,Provectus Algae,Sunshiki,maripure",Asparagopsis,Red,
Fucus vesiculosus,https://en.wikipedia.org/wiki/Fucus_vesiculosus,https://www.algaebase.org/search/species/detail/?species_id=82604,17,"Danish Seaweed / Dansk Tang,Omø Fisk & Tang,Biocean,Bretagne Cosmétiques Marins (Thalion),Seabody (Nutramara),Rí Na Mara,Voya Seaweed Baths,Ting med Tang,Emerald Isle Seaweed,Sea‐Pür,Wild Irish Seaweeds,Origin by Ocean,Alga Seaweed (prev. Redrose Developments),Marinova,Blue Pet Co.,Little Samphire Island,OceanOrganic",Fucus,Brown,"Sea oak, bladder wrack"
Undaria Pinnatifida,https://en.wikipedia.org/wiki/Wakame,https://www.algaebase.org/search/species/detail/?species_id=350,16,"Biocean,Bretalg,Algo'manne,Waikaitu (NZBioActive),West Algues,Ironbound Island Seaweed,KiwiWakame,Marinova,Wissi,Surge Seaweed,Whiore Enterprises,Southern Seagreens,Nuri,Eurocaviar,Premium Seas,HQ Seaweed ",Undaria,Brown,"Wakame, sea mustard"
Laminaria sp.,https://en.wikipedia.org/wiki/Laminaria,https://www.algaebase.org/search/species/?name=Laminaria,15,"Algamar Espana,Bio Molenez,North Atlantic Organics,Morocco Seaweed,Sea‐Pür,Alaria AS / Seaweed AS,Symbiomer,Algenladen GmbH,Qingdao Seawin Biotech Group,""Rongcheng Haitai Shenglong Seaweed Cultivation Co., Ltd"",Canadian Kelp Resources,Algopack,Ficosterra,BeoBio Teoranta / Seamegro,Organics Atlantic",Laminaria,Brown,
Macrocystis pyrifera,https://en.wikipedia.org/wiki/Macrocystis,https://www.algaebase.org/search/species/detail/?species_id=4427,14,"Alimex,Seagold,Kelp Blue,Ficosterra,Algamar Mexico (Alamarsa S.A. de C.V.),NZ Kelp,Gelymar,KiwiWakame,PuntaMar,Algas Chile,Patagonia Biotecnología (Fertum),Huiro Regenerativo,Kelp Ark,biobentos",Macrocystis,Brown,Giant kelp
Palmaria sp.,https://en.wikipedia.org/wiki/Palmaria_palmata,https://www.algaebase.org/search/species/?name=Palmaria+,13,"Algamar Espana,NUWEN by Setalg (failed),Bio Molenez,Seaveg,The Cornish Seaweed Company Ltd,Sjosaker (Tekslo Seafood),Ironbound Island Seaweed,Symbiomer,Umaro,Sunken Seaweed,Seaweedland,Acadian Seaplants,MAGMA seaweed",Palmaria,Red,
Fucus serratus,https://en.wikipedia.org/wiki/Fucus_serratus,https://www.algaebase.org/search/species/detail/?species_id=85,11,"Danish Seaweed / Dansk Tang,Omø Fisk & Tang,Rí Na Mara,Voya Seaweed Baths,Ting med Tang,Donegal Bay Seaveg,Atlantic Irish Seaweed,Quality Sea Veg,Wild Irish Seaweeds,Alga Seaweed (prev. Redrose Developments),Ishga",Fucus,Brown,Toothed wrack
Durvillaea antarctica,https://en.wikipedia.org/wiki/Durvillaea_antarctica,http://algaebase.org/search/species/detail/?species_id=11752,10,"Alimex,Pacific Seaweed Chile SpA,Quelp,Nün,Kollofken,PuntaMar,Seaweed Place,Patagonia Biotecnología (Fertum),Gracias-Algas,Seco SA",Durvillaea,Brown,"Cochayuyo (Chile), rimurapa (New Zealand), southern bull kelp "
Laminaria hyperborea,https://en.wikipedia.org/wiki/Laminaria_hyperborea,https://www.algaebase.org/search/species/detail/?species_id=27,10,"Alginor,Seaweed Solutions,Biocean,Algaia,Nutrimar AS,Sjosaker (Tekslo Seafood),Norwegian Seaweed Production / Fjord Tang,Islensk Hollusta,BioAtlantis Limited,JRS",Laminaria,Brown,"tangle, cuvie"
Ecklonia maxima,https://en.wikipedia.org/wiki/Ecklonia_maxima,https://www.algaebase.org/search/species/detail/?species_id=3462,9,"Afrikelp (Taurus Kelp / Compo),Seaweed South Africa,Atlantis Sea-Agri Group,Raw Kelp,Organics Atlantic,Abundigro (Ukelp),Kelpak ( Kelp Products International),Nutrico,Makro Organics",Ecklonia,Brown,
Fucus sp.,https://en.wikipedia.org/wiki/Fucus,https://www.algaebase.org/search/species/?name=Fucus+,9,"Agrimer,Algues Armorique,NUWEN by Setalg (failed),Bio Molenez,Algenladen GmbH,""Beijing Century Bokang Pharmaceutical Technology Co., Ltd"",Fearless Fund (zombie),Nemo Seafarms,Horizon Seaweed",Fucus,Brown,
Alaria marginata,https://en.wikipedia.org/wiki/Alaria_marginata,https://www.algaebase.org/search/species/detail/?species_id=3649,8,"Lofoten Blue Harvest AS,Cascadia Seaweed,Seagrove Kelp,Noble Ocean Farms,Alaska's Best Shellfish,Monterey Bay Seaweeds,Equa,Kelp Ark",Alaria,Brown,
Caulerpa lentillifera,https://en.wikipedia.org/wiki/Caulerpa_lentillifera,https://www.algaebase.org/search/species/detail/?species_id=3754,8,"Green Aqua Farm (failed),""Qingdao Sea Grape Organic Green Algae Research and Development Co., Ltd."",OCC Corporation,Stem Cell United (failed),Surge Seaweed,Gamai,Nama Fiji (Essence of Fiji),Tri Tin",Caulerpa,Green,Sea grapes
Codium sp.,https://en.wikipedia.org/wiki/Codium,https://www.algaebase.org/search/species/?name=Codium+,8,"HQ Seaweed ,Porto-Muiños,Suralgas,Biocean,Conservas Mar de Ardora,The Seaweed Company,Aquazor,Koppert Cress",Codium,Green,
Nereocystis luetkeana,https://en.wikipedia.org/wiki/Nereocystis,https://www.algaebase.org/search/species/detail/?species_id=4884,8,"Seagrove Kelp,Hump Island Oyster Company,Noble Ocean Farms,Canadian Kelp Resources,Equa,Vashon Kelp Forest,Sea Quester Farms ,Kelp Ark",Nereocystis,Brown,Bull kelp
Porphyra umbilicalis,https://en.wikipedia.org/wiki/Porphyra_umbilicalis,https://www.algaebase.org/search/species/detail/?species_id=26500,8,"GlobeXplore,AlgAran,ALGAplus Lda,Donegal Bay Seaveg,Lofoten Seaweed,Wild Irish Seaweeds,Ironbound Island Seaweed,SeaExpert Azores",Porphyra,Red,
Himanthalia sp.,https://en.wikipedia.org/wiki/Himanthalia,https://www.algaebase.org/search/species/?name=Himanthalia+,7,"Algamar Espana,Bio Molenez,Seaveg,The Cornish Seaweed Company Ltd,Sjosaker (Tekslo Seafood),The Seaweed Company,Horizon Seaweed",Himanthalia,Brown,
Lithothamnium calcareum,https://en.wikipedia.org/wiki/Lithothamnion,,7,"Algues Armorique,Bretagne Cosmétiques Marins (Thalion),Shamrock Farm Enterprises,Celtic Sea Minerals (Marigot),Hafkalk ehf.,Algenladen GmbH,Íslenska Kalkþörungafélagið ehf. ",Lithothamnium,Red,
Ulva intestinalis,https://en.wikipedia.org/wiki/Ulva_intestinalis,https://www.algaebase.org/search/species/detail/?species_id=48811,7,"Quality Sea Veg,Wild Irish Seaweeds,SeaExpert Azores,Qingdao Seawin Biotech Group,""Shandong Enbao Biological Technology Co., Ltd. (""""Enbao"""")"",""Quanzhou Quangang Keshan Seaweed Co., Ltd"",Algabrava",Ulva,Green,Gutweed
Alaria sp.,https://en.wikipedia.org/wiki/Alaria_(alga),https://www.algaebase.org/search/species/?name=Alaria+,6,"Algues Armorique,The Seaweed Company,Algo'manne,Wild Irish Seaweeds,Canadian Kelp Resources,Atlantic Mariculture Canada",Alaria,Brown,
Ecklonia radiata,https://en.wikipedia.org/wiki/Ecklonia_radiata,https://www.algaebase.org/search/species/detail/?species_id=3463,6,"Agrisea,Sea Health Products,East Coast Seaweeds NZ (P&S Seaweed Harvesters),Moonrise Seaweed Farm,Premium Seas,Auskelp",Ecklonia,Brown,
Lessonia trabeculata,https://en.wikipedia.org/wiki/Lessonia_trabeculata,https://www.algaebase.org/search/species/detail/?species_id=12164,6,"Alimex,Pacific Seaweed Chile SpA,Gelymar,PuntaMar,Algaia,Seco SA",Lessonia,Brown,
Macrocystis tenuifolia,https://en.wikipedia.org/wiki/Macrocystis,https://www.algaebase.org/search/species/detail/?species_id=19829,6,"West Coast Marine Bio Processing Corp. (KelpGrow),Cascadia Seaweed,Canadian Kelp Resources,Naas Foods / Keltsmaht Kelp,Pacific Kelp Co,Sunken Seaweed",Macrocystis,Brown,
Saccharina sp.,https://en.wikipedia.org/wiki/Saccharina,https://www.algaebase.org/search/species/detail/?species_id=133609,6,"Seaveg,Algas La Patrona,The Cornish Seaweed Company Ltd,Chudao Aquatic Food Co.,""Shandong Haizhibao Ocean Technology Co., Ltd."",""Jiangsu Zhongda Biotechnology Group Co., Ltd""",Saccharina,Brown,
Asparagopsis armata,https://en.wikipedia.org/wiki/Asparagopsis_armata,https://www.algaebase.org/search/species/detail/?species_id=6,5,"Bio Molenez,Immersion Group (Seascape Restorations),SeaExpert Azores,CleanEyre Global,Seaweedland",Asparagopsis,Red,Harpoon weed
Asparagopsis taxiformis,https://en.wikipedia.org/wiki/Asparagopsis_taxiformis,https://www.algaebase.org/search/species/detail/?species_id=636,5,"Unidade Bioquímica Lda (UBQ II),SeaExpert Azores,Eyre Shellfish,Alga Biosciences,CleanEyre Global",Asparagopsis,Red,"red sea plume, limu kohu"
Gelidium sesquipedale,https://en.wikipedia.org/wiki/Gelidium_sesquipedale,https://www.algaebase.org/search/species/detail/?species_id=13767,5,"Algamar Espana,SELT France Biotech (SELT Marine),Setexam,Sobigel,Morocco Seaweed",Gelidium,Red,
Saccharina japonica,https://en.wikipedia.org/wiki/Saccharina_japonica,https://www.algaebase.org/search/species/detail/?species_id=129141,5,"Sea.D,Bada Myeongga Co.,Wandomom,Konbumori Fisheries Cooperative,Ogura ",Saccharina,Brown,"kombu (jp), dasima (kor)"
Chondracanthus chamissoi,https://en.wikipedia.org/wiki/Chondracanthus_(alga),https://www.algaebase.org/search/species/detail/?species_id=2674,4,"Seatec Seaweed Technology EIRL,Gelymar,Dalca Innova,Algas Chile",Chondracanthus,Red,
Chondrus sp.,https://en.wikipedia.org/wiki/Chondrus_crispus,https://www.algaebase.org/search/species/detail/?species_id=85800,4,"Danish Seaweed / Dansk Tang,Bio Molenez,Seaveg,The Cornish Seaweed Company Ltd",Chondrus,Red,
Durvillaea potatorum,https://en.wikipedia.org/wiki/Durvillaea_potatorum,https://www.algaebase.org/search/species/detail/?species_id=18016,4,"Taskelp,Kelpomix,Kelp Industries,Seasol",Durvillaea,Brown,Southern bull kelp
Furcellaria lumbricalis,https://en.wikipedia.org/wiki/Furcellaria,https://www.algaebase.org/search/species/detail/?species_id=14,4,"Danish Seaweed / Dansk Tang,EstAgar,Vetik,Sea‐Pür",Furcellaria,Red,
Laminaria ochroleuca,https://en.wikipedia.org/wiki/Laminaria_ochroleuca,https://www.algaebase.org/search/species/detail/?species_id=79,4,"Porto-Muiños,Biocean,Conservas Costera,HQ Seaweed ",Laminaria,Brown,
Lessonia nigrescens,https://en.wikipedia.org/wiki/Lessonia_nigrescens,https://www.algaebase.org/search/species/detail/?species_id=12163,4,"Alimex,Pacific Seaweed Chile SpA,PuntaMar,Seco SA",Lessonia,Brown,
Lithothamnium sp.,https://en.wikipedia.org/wiki/Lithothamnion,https://www.algaebase.org/search/species/?name=Lithothamnium+,4,"Oceana Minerals,Primasea (Fertimar/Growmax),Litholife,SEAQ CORPORATION",Lithothamnium,Red,
Macrocystis sp.,https://en.wikipedia.org/wiki/Macrocystis,https://www.algaebase.org/search/species/?name=Macrocystis+,4,"Pacific Seaweed Chile SpA,Ocean and Green,Algaia,Primary Ocean Producers",Macrocystis,Brown,
Capsosiphon fulvescens,https://en.wikipedia.org/wiki/Capsosiphon,https://www.algaebase.org/search/species/detail/?species_id=214,3,"Haeppeum,Wandomom,Bada Myeongga Co.",Capsosiphon,Green,Maesaengi (kor)
Caulerpa spp.,https://en.wikipedia.org/wiki/Caulerpa,https://www.algaebase.org/search/species/?name=Caulerpa+,3,"Macro Carbon,Halophilic Marine Agriculture,Yunus Foundation",,,
Codium tomentosum,https://en.wikipedia.org/wiki/Codium_tomentosum,https://www.algaebase.org/search/species/detail/?species_id=124336,3,"ALGAplus Lda,Algenladen GmbH,Wissi",Codium,Green,"velvet horn, spongeweed"
Eucheuma isiforme,https://en.wikipedia.org/wiki/Eucheuma,https://www.algaebase.org/search/species/detail/?species_id=5546,3,"Placencia Fishermen Cooperative,Ikooma,Revolution Seaweed",Eucheuma,Red,
Gelidium sp.,https://en.wikipedia.org/wiki/Gelidium,https://www.algaebase.org/search/species/?name=Gelidium+,3,"Afrikelp (Taurus Kelp / Compo),Alpha Seaweed (PT. Gemilang Berkat Nusantara),Fyki Agritech",Gelidium,Red,
Osmundea pinnatifida,https://en.wikipedia.org/wiki/Osmundea_pinnatifida,https://www.algaebase.org/search/species/detail/?species_id=170,3,"Donegal Bay Seaveg,SeaExpert Azores,Horizon Seaweed",Osmundea,Red,
Palmaria mollis,https://en.wikipedia.org/wiki/Palmaria_palmata,https://www.algaebase.org/search/species/detail/?species_id=5022,3,"Cascadia Seaweed,Oregon Dulse,Oregon Sea Farms",Palmaria,Red,Dulse
Rugulopteryx okamurae,https://en.wikipedia.org/wiki/Rugulopteryx_okamurae,https://www.algaebase.org/search/species/detail/?species_id=134329,3,"Origin by Ocean,Easy Harvest,Poseidona",Dictyotaceae,Brown,
Sargassum fusiforme,https://en.wikipedia.org/wiki/Hijiki,https://www.algaebase.org/search/species/detail/?species_id=18385,3,"Wandomom,Sea.D,Bada Myeongga Co.",Sargassum,Brown,"hijiki (jp), tot (kor)"
Ulva rigida,https://en.wikipedia.org/wiki/Ulva_rigida,https://www.algaebase.org/search/species/detail/?species_id=14492,3,"Eranova,ALGAplus Lda,SeaExpert Azores",Ulva,Green,
Vertebrata lanosa,https://en.wikipedia.org/wiki/Polysiphonia_lanosa,https://www.algaebase.org/search/species/detail/?species_id=14086,3,"Ting med Tang,Lofoten Seaweed,Islensk Hollusta",Vertebrata,Red,
Cladosiphon okamuranus,https://en.wikipedia.org/wiki/Cladosiphon_okamuranus,https://www.algaebase.org/search/species/detail/?species_id=3887,2,"Miyakojima Fisheries Cooperation,Premium Seas",,,
Codium fragile,https://en.wikipedia.org/wiki/Codium_fragile,https://www.algaebase.org/search/species/detail/?species_id=165048,2,"Bada Myeongga Co.,Eurocaviar",Codium,Green,Cheonggak (kor)
Corallina sp.,https://en.wikipedia.org/wiki/Corallina,https://www.algaebase.org/search/species/?name=Corallina+,2,"Bio Molenez,Biocean",Corallina,Red,
Cystoseira sp.,https://en.wikipedia.org/wiki/Cystoseira,https://www.algaebase.org/search/species/?name=Cystoseira+,2,"Biocean,Algabrava",Cystoseira,Brown,
Delesseria sanguinea,https://en.wikipedia.org/wiki/Delesseria_sanguinea,https://www.algaebase.org/search/species/detail/?species_id=13,2,"Danish Seaweed / Dansk Tang,Biocean",Delesseria,Red,
Ecklonia cava,https://en.wikipedia.org/wiki/Ecklonia_cava,https://www.algaebase.org/search/species/detail/?species_id=4007,2,"Botamedi,Bada Myeongga Co.",Ecklonia,Brown,Kamtae (kor)
Ecklonia stolonifera,https://en.wikipedia.org/wiki/Ecklonia_stolonifera,https://www.algaebase.org/search/species/detail/?species_id=176519,2,"Wandomom,Bada Myeongga Co.",Ecklonia,Brown,Gompi (kor)
Gloiopeltis sp.,https://en.wikipedia.org/wiki/Gloiopeltis,https://www.algaebase.org/search/species/?name=Gloiopeltis+,2,"Wandomom,Bada Myeongga Co.",Gloiopeltis,Red,"Glueweed, buldeung-gasari, semogasari (kor), funori (jp)"
Gracilaria salicornia,https://en.wikipedia.org/wiki/Gracilaria,https://www.algaebase.org/search/species/detail/?species_id=1928,2,"Rodrigues Algues,Ter-Mer Rodrigues",,,
Halopteris scoparia,https://pt.wikipedia.org/wiki/Halopteris_scoparia,https://www.algaebase.org/search/species/detail/?species_id=12624,2,"Unidade Bioquímica Lda (UBQ II),SeaExpert Azores",Halopteris,Brown,Sea Flax Weed
Lessonia sp.,https://en.wikipedia.org/wiki/Lessonia_(alga),https://www.algaebase.org/search/species/?name=Lessonia+,2,"Algas Chile,Gracias-Algas",Lessonia,Brown,
Pelvetia canaliculata,https://en.wikipedia.org/wiki/Pelvetia,https://www.algaebase.org/search/species/detail/?species_id=88,2,"Biocean,Bio Molenez",Pelvetia,Brown,channelled wrack
Posidonia oceanica,https://en.wikipedia.org/wiki/Posidonia_oceanica,https://www.algaebase.org/search/species/detail/?species_id=18577,2,"NeptuTherm,Phee",,,
Saccharina longicruris,https://en.wikipedia.org/wiki/Saccharina,https://www.algaebase.org/search/species/detail/?species_id=73741,2,"Innovactiv,OceanOrganic",Saccharina,Brown,
Sarcothalia crispata,,https://www.algaebase.org/search/species/detail/?species_id=3515,2,"Gelymar,Seco SA",Sarcothalia,Red,
Solieria sp.,https://en.wikipedia.org/wiki/Solieriaceae,https://www.algaebase.org/search/species/?name=Solieria+,2,"OLMIX,Thomsea",Solieria,Red,
Agarophyton chilensis,,https://www.algaebase.org/search/species/detail/?species_id=170439,1,Huiro Regenerativo,,,
Chondrus canaliculatus,,https://www.algaebase.org/search/species/detail/?species_id=3489,1,Gelymar,Chondrus,Red,
Chorda filum,https://en.wikipedia.org/wiki/Chorda_filum,https://www.algaebase.org/search/species/detail/?species_id=77,1,Danish Seaweed / Dansk Tang,Chorda,Brown,"Dead Men's Ropes, Mermaid's Tresses, Cat gut, Sea lace, Mermaid's fishing line, Sea Laces, Mermaid's Line, Bootlace Weed"
Codium vermilara,,https://www.algaebase.org/search/species/detail/?species_id=243,1,Algabrava,,,
Cystoseira abies-marina,,https://www.algaebase.org/search/species/detail/?species_id=813,1,SeaExpert Azores,Cystoseira,Brown,
Cystoseira humilis,,https://www.algaebase.org/search/species/detail/?species_id=816,1,SeaExpert Azores,Cystoseira,Brown,
Dasya spp.,,https://www.algaebase.org/search/species/?name=Dasya+,1,Algabrava,,,
Dasysiphonia japonica,,https://www.algaebase.org/search/species/detail/?species_id=148832,1,Montauk Seaweed Supply Company,Dasysiphonia,Red,
Devaleraea Mollis,,https://www.algaebase.org/search/species/detail/?species_id=166984,1,Oregon Dulse,Devaleraea,Red,
Dilsea carnosa,https://en.wikipedia.org/wiki/Dilsea_carnosa,https://www.algaebase.org/search/species/detail/?species_id=128,1,Biocean,Dilsea,Red,"Poor man's weather glass, Sea belt"
Durvillaea incurvata,https://en.wikipedia.org/wiki/Durvillaea_incurvata,http://algaebase.org/search/species/detail/?species_id=175229,1,Gelymar,Durvillaea,Brown,
Ecklonia sp.,https://en.wikipedia.org/wiki/Ecklonia,https://www.algaebase.org/search/species/?name=Ecklonia+,1,Algamar Mexico (Alamarsa S.A. de C.V.),Ecklonia,Brown,
Eualaria fistulosa,https://en.wikipedia.org/wiki/Eualaria,https://www.algaebase.org/search/species/detail/?species_id=134501,1,Kodiak Island Sustainable Seaweed,,,
Fucus spiralis,https://en.wikipedia.org/wiki/Fucus_spiralis,https://www.algaebase.org/search/species/detail/?species_id=17640,1,SeaExpert Azores,Fucus,Brown,"spiral wrack, flat wrack"
Gigartina chamissoi,,https://www.algaebase.org/search/species/detail/?species_id=15878,1,Seco SA,,,
Gigartina pistillata,,https://www.algaebase.org/search/species/detail/?species_id=20138,1,Porto-Muiños,Gigartina,Red,
Gigartina radula,,https://www.algaebase.org/search/species/detail/?species_id=3546,1,Alimex,Gigartina,Red,
Gigartina skottsbergii,,https://www.algaebase.org/search/species/detail/?species_id=3538,1,Seco SA,,,
Gigartina sp.,https://en.wikipedia.org/wiki/Gigartinaceae,https://www.algaebase.org/search/species/?name=Gigartina+&authority=,1,Morocco Seaweed,Gigartina,Red,Gigartina
Gigartina stellata,,https://www.algaebase.org/search/species/detail/?species_id=12367,1,Biocean,Gigartina,Red,
Gracilaria chilensis,,https://www.algaebase.org/search/species/detail/?species_id=11765,1,PuntaMar,Gracilaria,Red,
Gracilaria dura,,https://www.algaebase.org/search/species/detail/?species_id=681,1,ClimaCrew,Gracilaria,Red,
Gracilaria gracilis,,https://www.algaebase.org/search/species/detail/?species_id=25413,1,ALGAplus Lda,Gracilaria,Red,
Gracilaria parvispora,https://en.wikipedia.org/wiki/Gracilaria_parvispora,https://www.algaebase.org/search/species/detail/?species_id=21203,1,Kauai Sea Farm,,,
Gracilaria verrucosa,,https://www.algaebase.org/search/species/detail/?species_id=2479,1,Bada Myeongga Co.,Gracilaria,Red,"Kkosiraegi (kor), ogonori (jp)"
Halydris siliquosa,https://en.wikipedia.org/wiki/Halidrys_siliquosa,,1,Biocean,Halydris,Brown,Sea oak
Hypnea musciformis,https://en.wikipedia.org/wiki/Hypnea,https://www.algaebase.org/search/species/detail/?species_id=2707,1,Equigel,Hypnea,Red,
Iridaea laminaroides,,https://www.algaebase.org/search/species/detail/?species_id=14848,1,Seco SA,,,
Laminaria farlowii,,https://www.algaebase.org/search/species/detail/?species_id=5138,1,Kelp Ark,,,
Laminaria longicruris,,https://www.algaebase.org/search/species/detail/?species_id=14450,1,Ironbound Island Seaweed,Laminaria,Brown,
Lessonia berteroana,https://en.wikipedia.org/wiki/Lessonia_(alga),https://www.algaebase.org/search/species/detail/?species_id=73753,1,Gelymar,Lessonia,Brown,
Lithotamnium superpositum,https://en.wikipedia.org/wiki/Lithothamnion,,1,AlgaeCal,Lithothamnium,Red,
Macrocystis integrifolia,"https://en.wikipedia.org/wiki/Macrocystis#:~:text=Macrocystis%20integrifolia%20is%20found%20on,sheltered%20from%20full%20wave%20action.",https://www.algaebase.org/search/species/detail/?species_id=4882,1,Seco SA,Macrocystis,Brown,
Mastocarpus stellatus,https://en.wikipedia.org/wiki/Mastocarpus_stellatus,https://www.algaebase.org/search/species/detail/?species_id=24,1,Porto-Muiños,Mastocarpus,Red,false Irish moss
Mazzaella laminarioides,,https://www.algaebase.org/search/species/detail/?species_id=3505,1,Gelymar,Mazzaella,Red,
Meristotheca senegalensis,https://en.wikipedia.org/wiki/Meristotheca,https://www.algaebase.org/search/species/detail/?species_id=65231,1,Equigel,Meristotheca,Red,
Monostroma sp.,https://en.wikipedia.org/wiki/Monostroma,https://www.algaebase.org/search/species/?name=Monostroma+,1,ClimaCrew,Monostroma,Green,"Hitoegusa (jp), pareu (kor)"
Neoagarum,,https://www.algaebase.org/search/species/detail/?species_id=T9de25be839ee877e,1,Cascadia Seaweed,Neoagarum,Brown,
Petalonia binghamiae,,https://www.algaebase.org/search/species/detail/?species_id=19572,1,SeaExpert Azores,Petalonia,Brown,Habonori (JP)
Porphyra capensis,https://en.wikipedia.org/wiki/Porphyra,https://www.algaebase.org/search/species/detail/?species_id=1698,1,Seaweed South Africa,Porphyra,Red,
Porphyra columbina,https://en.wikipedia.org/wiki/Pyropia_columbina,https://www.algaebase.org/search/species/detail/?species_id=11731,1,Patagonia Biotecnología (Fertum),Porphyra,Red,
Porphyra dioica,https://en.wikipedia.org/wiki/Porphyra,https://www.algaebase.org/search/species/detail/?species_id=18864,1,ALGAplus Lda,Porphyra,Red,
Pterocladiella capillacea,,https://www.algaebase.org/search/species/detail/?species_id=106,1,SeaExpert Azores,Pterocladiella,Red,
Rhodoliths,https://en.wikipedia.org/wiki/Rhodolith,,1,Blusink ,,,
Sarcopeltis skottsbergii,,https://www.algaebase.org/search/species/detail/?species_id=177077,1,Gelymar,Sarcopeltis,Red,
Sargassum vulgare,,https://www.algaebase.org/search/species/detail/?species_id=827,1,SeaExpert Azores,Sargassum,Brown,
Sargassum wightii,https://en.wikipedia.org/wiki/Sargassum,https://www.algaebase.org/search/species/detail/?species_id=21026,1,Vikas Crop Care,Sargassum,Brown,
Schizymenia jonssonii,,https://www.algaebase.org/search/species/detail/?species_id=175965,1,Hyndla ehf,Schizymenia,Red,
Turbinaria sp.,https://en.wikipedia.org/wiki/Turbinaria_(alga),https://www.algaebase.org/search/species/?name=Turbinaria+,1,Snap Natural & Alginate Products,Turbinaria,Brown,
Ulva fasciata,,https://www.algaebase.org/search/species/detail/?species_id=1065,1,Equigel,Ulva,Green,
Ulva uncialis,,https://www.algaebase.org/search/species/detail/?species_id=14493,1,Seaweed South Africa,Ulva,Green,
Zonaria tournefortii,,https://www.algaebase.org/search/species/detail/?species_id=872,1,SeaExpert Azores,Zonaria,Brown,
Bifurcaria bifurcata,https://en.wikipedia.org/wiki/Bifurcaria,https://www.algaebase.org/search/species/detail/?species_id=91,0,,Bifurcaria,Brown,
Cladosiphon sp.,https://en.wikipedia.org/wiki/Cladosiphon,https://www.algaebase.org/search/species/detail/?species_id=71915,0,,Cladosiphon,Brown,
Coccotylus truncatus,https://en.wikipedia.org/wiki/Coccotylus,https://www.algaebase.org/search/species/detail/?species_id=431,0,,Coccotylus,Red,
Ecklonia bicyclis,https://en.wikipedia.org/wiki/Arame,https://www.algaebase.org/search/species/detail/?species_id=19613,0,,Ecklonia,Brown,
Gelidium amansii,https://en.wikipedia.org/wiki/Gelidium_amansii,https://www.algaebase.org/search/species/detail/?species_id=1830,0,,Gelidium,Red,Amangasari (kor)
Gelidium corneum,https://en.wikipedia.org/wiki/Gelidium_sesquipedale,https://www.algaebase.org/search/species/detail/?species_id=377,0,,Gelidium,Red,
Grateloupia turuturu,https://en.wikipedia.org/wiki/Grateloupia_turuturu,https://www.algaebase.org/search/species/detail/?species_id=4363,0,,Grateloupia,Red, devil's tongue weed
Polysiphonia elongata,https://en.wikipedia.org/wiki/Polysiphonia_elongata,https://www.algaebase.org/search/species/detail/?species_id=90295,0,,Polysiphonia ,Red,
Pterocladia sp.,https://en.wikipedia.org/wiki/Pterocladiaceae,https://www.algaebase.org/search/species/?name=Pterocladia,0,,Pterocladia,Red,
Sargassum horneri,https://en.wikipedia.org/wiki/Sargassum_horneri,https://www.algaebase.org/search/species/detail/?species_id=4095,0,,Sargassum,Brown,"Mojaban; mom, molmang (kor)"
Ulva prolifera,https://en.wikipedia.org/wiki/Ulva_prolifera,https://www.algaebase.org/search/species/detail/?species_id=48831,0,,Ulva,Green,Gasiparae (kor)
